accessed_Ffom,media_duracao
Android App,3254.780920584871
Chrome,3257.2529379783364
Mozilla Firefox,3242.693630063966
IOS App,3248.419296614341
Microsoft Edge,3257.919036334913
Others,3236.616810383145
SafFRi,3181.2619047619046
Safari,3249.0835604647827
