accessed_Ffom,media_duracao
Android App,3251.7980165375757
Chrome,3255.774757556452
IOS App,3250.6331111728223
Microsoft Edge,3254.839684449793
Mozilla Firefox,3240.3388989169675
Others,3238.2821525270756
SafFRi,3155.424836601307
Safari,3245.4369344750107
