pay_method,soma_vendas,contagem_vendas
Cash,24336568.828199998,61507
Credit Card,18132899.275900003,44881
Debit Card,9239893.140700001,23270
Others,6569463.0763,16623
