pay_method,soma_vendas,contagem_vendas
Cash,29755299.094199996,72670
Credit Card,22083416.0119,53031
Debit Card,11209381.232700001,27497
Others,8048201.1775,19640
