browser,duracao_media
Android App,3190.5716753022452
Mozilla Firefox,3174.8354114713215
IOS App,3335.1467473524963
Microsoft Edge,3270.8233995584987
Others,3288.728710462287
Safari,3160.60878243513
Chrome,3269.8306074766356
SafFRi,2541.3333333333335
