method,total_vendas,contagem
Debit Card,426803.55999999936,841
Others,303011.18,599
Cash,1092693.2600000016,2199
Credit Card,809602.770000002,1617
